{"cameraMode":{"drawMode":0,"name":"Shaded","section":"Shading Mode"},"sceneLighting":false,"audioPlay":false,"sceneViewState":{"m_AlwaysRefresh":false,"showFog":true,"showSkybox":false,"showFlares":true,"showImageEffects":true,"showParticleSystems":true,"showVisualEffectGraphs":true,"m_FxEnabled":true},"in2DMode":false,"pivot":{"x":4.5613813400268559,"y":2.5899996757507326,"z":10.579999923706055},"rotation":{"x":0.1397177129983902,"y":0.18830177187919618,"z":-0.02707454189658165,"w":0.9717599153518677},"size":2.8119027614593508,"orthographic":false}