{"cameraMode":{"drawMode":0,"name":"Shaded","section":"Shading Mode"},"sceneLighting":false,"audioPlay":false,"sceneViewState":{"m_AlwaysRefresh":false,"showFog":true,"showSkybox":false,"showFlares":true,"showImageEffects":true,"showParticleSystems":true,"showVisualEffectGraphs":true,"m_FxEnabled":true},"in2DMode":false,"pivot":{"x":1.4913034439086915,"y":6.931945323944092,"z":10.154075622558594},"rotation":{"x":0.05809661000967026,"y":0.011979489587247372,"z":-0.0006971955299377441,"w":0.9982389211654663},"size":6.363280773162842,"orthographic":true}