{"cameraMode":{"drawMode":0,"name":"Shaded","section":"Shading Mode"},"sceneLighting":false,"audioPlay":false,"sceneViewState":{"m_AlwaysRefresh":false,"showFog":true,"showSkybox":false,"showFlares":true,"showImageEffects":true,"showParticleSystems":true,"showVisualEffectGraphs":true,"m_FxEnabled":true},"in2DMode":false,"pivot":{"x":1.5031814575195313,"y":6.883404731750488,"z":10.17247486114502},"rotation":{"x":0.05809661000967026,"y":0.011979489587247372,"z":-0.0006971955299377441,"w":0.9982389211654663},"size":5.677019119262695,"orthographic":true}