{"cameraMode":{"drawMode":0,"name":"Shaded","section":"Shading Mode"},"sceneLighting":false,"audioPlay":false,"sceneViewState":{"m_AlwaysRefresh":false,"showFog":true,"showSkybox":false,"showFlares":true,"showImageEffects":true,"showParticleSystems":true,"showVisualEffectGraphs":true,"m_FxEnabled":true},"in2DMode":false,"pivot":{"x":4.0114617347717289,"y":2.832357406616211,"z":-0.5541452765464783},"rotation":{"x":0.11688749492168427,"y":-0.6745803356170654,"z":0.10941721498966217,"w":0.7206371426582336},"size":0.6136233806610107,"orthographic":false}